-- CRIANDO AS TABELAS DE BEBIDA E SOBREMESA
CREATE TABLE PIZZARIA.BEBIDA (
	COD_PRODUTO		INT 			NOT NULL,
    IDF_TIPO_BEBIDA	INT				NOT NULL COMMENT '1- REFRIGERANTE PET 2L / 2 - CERVEJA LATA',
    PCO_BEBIDA		DECIMAL (10,2)	NOT NULL,
    CONSTRAINT PK_BEBIDA PRIMARY KEY (COD_PRODUTO),
    CONSTRAINT FK_BEBIDA_2_PRODUTO
			FOREIGN KEY (COD_PRODUTO)
				REFERENCES PIZZARIA.PRODUTO (COD_PRODUTO)
) ENGINE=INNODB;

INSERT INTO PIZZARIA.PRODUTO (COD_PRODUTO, NOM_PRODUTO) VALUES (93, 'COCA COLA');
INSERT INTO PIZZARIA.PRODUTO (COD_PRODUTO, NOM_PRODUTO) VALUES (94, 'FANTA LARANJA');
INSERT INTO PIZZARIA.PRODUTO (COD_PRODUTO, NOM_PRODUTO) VALUES (95, 'SCHWEPPES');
INSERT INTO PIZZARIA.PRODUTO (COD_PRODUTO, NOM_PRODUTO) VALUES (96, 'H20 LIMÃO');
INSERT INTO PIZZARIA.PRODUTO (COD_PRODUTO, NOM_PRODUTO) VALUES (97, 'BOHEMIA LATA 355ML');
INSERT INTO PIZZARIA.PRODUTO (COD_PRODUTO, NOM_PRODUTO) VALUES (98, 'SKOL LATA 355ML');
INSERT INTO PIZZARIA.PRODUTO (COD_PRODUTO, NOM_PRODUTO) VALUES (99, 'BRHAMA LATA 355ML');

INSERT INTO PIZZARIA.BEBIDA (COD_PRODUTO, IDF_TIPO_BEBIDA, PCO_BEBIDA) VALUES (93, 1, 10.00);
INSERT INTO PIZZARIA.BEBIDA (COD_PRODUTO, IDF_TIPO_BEBIDA, PCO_BEBIDA) VALUES (94, 1, 10.00);
INSERT INTO PIZZARIA.BEBIDA (COD_PRODUTO, IDF_TIPO_BEBIDA, PCO_BEBIDA) VALUES (95, 1, 10.00);
INSERT INTO PIZZARIA.BEBIDA (COD_PRODUTO, IDF_TIPO_BEBIDA, PCO_BEBIDA) VALUES (96, 1, 8.50);
INSERT INTO PIZZARIA.BEBIDA (COD_PRODUTO, IDF_TIPO_BEBIDA, PCO_BEBIDA) VALUES (97, 2, 6.00);
INSERT INTO PIZZARIA.BEBIDA (COD_PRODUTO, IDF_TIPO_BEBIDA, PCO_BEBIDA) VALUES (98, 2, 6.00);
INSERT INTO PIZZARIA.BEBIDA (COD_PRODUTO, IDF_TIPO_BEBIDA, PCO_BEBIDA) VALUES (99, 2, 6.00);

CREATE TABLE PIZZARIA.SOBREMESA (
	COD_PRODUTO		INT 			NOT NULL,
    PCO_SOBREMESA	DECIMAL(10,2)	NOT NULL,
    CONSTRAINT PK_SOBREMESA PRIMARY KEY (COD_PRODUTO),
    CONSTRAINT FK_SOBREMESA_2_PRODUTO
			FOREIGN KEY (COD_PRODUTO)
				REFERENCES PIZZARIA.PRODUTO (COD_PRODUTO)
) ENGINE=INNODB;

INSERT INTO PIZZARIA.PRODUTO (COD_PRODUTO, NOM_PRODUTO) VALUES (100, 'PIZZA DOCE ROMEU E JULIETA');
INSERT INTO PIZZARIA.PRODUTO (COD_PRODUTO, NOM_PRODUTO) VALUES (101, 'PIZZA DOCE BANANA');
INSERT INTO PIZZARIA.PRODUTO (COD_PRODUTO, NOM_PRODUTO) VALUES (102, 'PIZZA DOCE CHOCOLATE');
INSERT INTO PIZZARIA.PRODUTO (COD_PRODUTO, NOM_PRODUTO) VALUES (103, 'PIZZA DOCE BRIGADEIRO');
INSERT INTO PIZZARIA.PRODUTO (COD_PRODUTO, NOM_PRODUTO) VALUES (104, 'PIZZA DOCE PRESTÍGIO');
INSERT INTO PIZZARIA.PRODUTO (COD_PRODUTO, NOM_PRODUTO) VALUES (105, 'PIZZA DOCE SONHO DE VALSA');
INSERT INTO PIZZARIA.PRODUTO (COD_PRODUTO, NOM_PRODUTO) VALUES (106, 'PIZZA DOCE M&M');
INSERT INTO PIZZARIA.PRODUTO (COD_PRODUTO, NOM_PRODUTO) VALUES (107, 'MOUSSE CHOCOLATE');
    
INSERT INTO PIZZARIA.SOBREMESA (COD_PRODUTO, PCO_SOBREMESA) VALUES (100, 25.90);
INSERT INTO PIZZARIA.SOBREMESA (COD_PRODUTO, PCO_SOBREMESA) VALUES (101, 25.90);
INSERT INTO PIZZARIA.SOBREMESA (COD_PRODUTO, PCO_SOBREMESA) VALUES (102, 25.90);
INSERT INTO PIZZARIA.SOBREMESA (COD_PRODUTO, PCO_SOBREMESA) VALUES (103, 25.90);
INSERT INTO PIZZARIA.SOBREMESA (COD_PRODUTO, PCO_SOBREMESA) VALUES (104, 25.90);
INSERT INTO PIZZARIA.SOBREMESA (COD_PRODUTO, PCO_SOBREMESA) VALUES (105, 25.90);
INSERT INTO PIZZARIA.SOBREMESA (COD_PRODUTO, PCO_SOBREMESA) VALUES (106, 25.90);
INSERT INTO PIZZARIA.SOBREMESA (COD_PRODUTO, PCO_SOBREMESA) VALUES (107, 12.90);